Date,actual_peak_kw,actual_peak_time,actual_peak_period,pred_peak_kw,pred_peak_time,pred_peak_period,peak_error_kw,timing_error_hours,actual_extreme_day,pred_extreme_day,xgb_peak_kw,xgb_peak_time,dayahead_peak_kw,dayahead_peak_hour
2010-04-19,2.682733333333333,2010-04-19 17:00:00,other,2.6276117278523743,2010-04-19 17:00:00,other,-0.0551216054809589,0.0,False,False,2.6684769483333333,2010-04-19 17:00:00,,
2010-04-20,2.4154,2010-04-20 20:00:00,evening (18-22),2.378830502347648,2010-04-20 20:00:00,evening (18-22),-0.036569497652351846,0.0,False,False,2.4008585266666667,2010-04-20 20:00:00,,
2010-04-21,1.8233,2010-04-21 23:00:00,other,1.8411316269621252,2010-04-21 23:00:00,other,0.017831626962125258,0.0,False,False,1.793217016,2010-04-21 23:00:00,,
2010-04-22,2.2072999999999996,2010-04-22 12:00:00,other,2.167376169975102,2010-04-22 12:00:00,other,-0.03992383002489763,0.0,False,False,2.19723316,2010-04-22 12:00:00,,
2010-04-23,1.7224333333333335,2010-04-23 08:00:00,morning (06-09),1.7236287278160454,2010-04-23 08:00:00,morning (06-09),0.0011953944827118868,0.0,False,False,1.7176789966666666,2010-04-23 08:00:00,,
2010-04-24,3.143333333333333,2010-04-24 21:00:00,evening (18-22),3.0850378244400023,2010-04-24 21:00:00,evening (18-22),-0.058295508893330794,0.0,True,False,3.1820287616666665,2010-04-24 21:00:00,,
2010-04-25,2.7611333333333334,2010-04-25 01:00:00,other,2.6692592832818627,2010-04-25 01:00:00,other,-0.09187405005147076,0.0,False,False,2.73933108,2010-04-25 01:00:00,,
2010-04-26,2.1843333333333335,2010-04-26 22:00:00,evening (18-22),2.1823931190893053,2010-04-26 22:00:00,evening (18-22),-0.0019402142440281267,0.0,False,False,2.1700691266666667,2010-04-26 22:00:00,2.3936619047619048,1.0
2010-04-27,2.2631666666666663,2010-04-27 08:00:00,morning (06-09),2.2252276471965016,2010-04-27 08:00:00,morning (06-09),-0.03793901947016476,0.0,False,False,2.2515078216666664,2010-04-27 08:00:00,2.3674958333333334,1.0
2010-04-28,1.8294666666666666,2010-04-28 20:00:00,evening (18-22),1.8143574539586902,2010-04-28 20:00:00,evening (18-22),-0.015109212707976383,0.0,False,False,1.8332390266666667,2010-04-28 20:00:00,2.355903703703704,8.0
2010-04-29,1.8318,2010-04-29 09:00:00,morning (06-09),1.8457363432772458,2010-04-29 09:00:00,morning (06-09),0.013936343277245689,0.0,False,False,1.8166858833333335,2010-04-29 09:00:00,2.30326,8.0
2010-04-30,2.8436333333333335,2010-04-30 17:00:00,other,2.8236843737855555,2010-04-30 17:00:00,other,-0.019948959547777978,0.0,False,False,2.90971929,2010-04-30 17:00:00,2.2604,8.0
2010-05-01,2.6106,2010-05-01 11:00:00,other,2.6083942141652106,2010-05-01 22:00:00,evening (18-22),-0.0022057858347892534,11.0,False,False,2.662983971666667,2010-05-01 11:00:00,2.3090027777777777,8.0
2010-05-02,3.7739,2010-05-02 19:00:00,evening (18-22),3.7610403857432306,2010-05-02 19:00:00,evening (18-22),-0.01285961425676918,0.0,True,True,3.7839067195,2010-05-02 19:00:00,2.332202564102564,8.0
2010-05-03,2.6444666666666667,2010-05-03 20:00:00,evening (18-22),2.6052750750288367,2010-05-03 20:00:00,evening (18-22),-0.03919159163783004,0.0,False,False,2.63329363,2010-05-03 20:00:00,2.4351809523809527,8.0
2010-05-04,1.9786333333333335,2010-05-04 20:00:00,evening (18-22),1.967531436085701,2010-05-04 20:00:00,evening (18-22),-0.011101897247632442,0.0,False,False,1.980021625,2010-05-04 09:00:00,2.432447619047619,20.0
2010-05-05,3.1247,2010-05-05 21:00:00,evening (18-22),3.055536900755763,2010-05-05 21:00:00,evening (18-22),-0.06916309924423691,0.0,False,False,3.1267149900000004,2010-05-05 21:00:00,2.40125,20.0
2010-05-06,1.8178666666666667,2010-05-06 19:00:00,evening (18-22),1.8044360695309938,2010-05-06 19:00:00,evening (18-22),-0.013430597135672961,0.0,False,False,1.8194794916666666,2010-05-06 19:00:00,2.494207142857143,20.0
2010-05-07,2.2999666666666667,2010-05-07 21:00:00,evening (18-22),2.305670247471333,2010-05-07 21:00:00,evening (18-22),0.005703580804666153,0.0,False,False,2.2858725966666666,2010-05-07 21:00:00,2.4663904761904765,20.0
2010-05-08,3.2730333333333332,2010-05-08 21:00:00,evening (18-22),3.266299872568995,2010-05-08 21:00:00,evening (18-22),-0.006733460764338339,0.0,True,True,3.262457195666667,2010-05-08 21:00:00,2.5076428571428573,20.0
2010-05-09,2.589,2010-05-09 10:00:00,other,2.5899097345650195,2010-05-09 10:00:00,other,0.0009097345650195265,0.0,False,False,2.64505904,2010-05-09 10:00:00,2.516907142857143,20.0
2010-05-10,2.9157,2010-05-10 21:00:00,evening (18-22),2.8810472041368484,2010-05-10 21:00:00,evening (18-22),-0.03465279586315173,0.0,False,False,2.8984164100000003,2010-05-10 21:00:00,2.5046119047619047,20.0
2010-05-11,2.2432000000000003,2010-05-11 08:00:00,morning (06-09),2.2006742650136357,2010-05-11 08:00:00,morning (06-09),-0.04252573498636458,0.0,False,False,2.2252263783333333,2010-05-11 08:00:00,2.556852380952381,21.0
2010-05-12,3.0760666666666667,2010-05-12 17:00:00,other,3.0678971933439376,2010-05-12 17:00:00,other,-0.008169473322729104,0.0,False,False,3.0697173016666666,2010-05-12 17:00:00,2.5554261904761906,21.0
2010-05-13,2.979233333333333,2010-05-13 18:00:00,evening (18-22),2.9077201080814006,2010-05-13 18:00:00,evening (18-22),-0.0715132252519326,0.0,False,False,2.9592417668333337,2010-05-13 18:00:00,2.6444690476190478,21.0
2010-05-14,2.3980333333333332,2010-05-14 09:00:00,morning (06-09),2.3678086292654275,2010-05-14 09:00:00,morning (06-09),-0.030224704067905783,0.0,False,False,2.37905836,2010-05-14 09:00:00,2.7264285714285714,21.0
2010-05-15,3.8198333333333334,2010-05-15 23:00:00,other,3.757470361313224,2010-05-15 23:00:00,other,-0.06236297202010954,0.0,True,True,3.791376308333333,2010-05-15 21:00:00,2.6946000000000003,21.0
2010-05-16,3.4861666666666666,2010-05-16 14:00:00,other,3.458886246450618,2010-05-16 14:00:00,other,-0.027280420216048817,0.0,True,True,3.452509532666667,2010-05-16 14:00:00,2.7809738095238097,21.0
2010-05-17,1.9666,2010-05-17 07:00:00,morning (06-09),1.9659328553661704,2010-05-17 07:00:00,morning (06-09),-0.0006671446338295528,0.0,False,False,1.9522721783333334,2010-05-17 07:00:00,2.7604214285714286,21.0
2010-05-18,1.9862666666666666,2010-05-18 20:00:00,evening (18-22),2.0085329325027765,2010-05-18 20:00:00,evening (18-22),0.02226626583610991,0.0,False,False,1.9774923183333333,2010-05-18 20:00:00,2.712002380952381,21.0
2010-05-19,2.3200999999999996,2010-05-19 20:00:00,evening (18-22),2.348765703545511,2010-05-19 20:00:00,evening (18-22),0.028665703545511345,0.0,False,False,2.4258851816666667,2010-05-19 20:00:00,2.712547619047619,21.0
2010-05-20,1.7837999999999998,2010-05-20 08:00:00,morning (06-09),1.7989786713063718,2010-05-20 08:00:00,morning (06-09),0.01517867130637196,0.0,False,False,1.7671145566666666,2010-05-20 08:00:00,2.6550761904761906,21.0
2010-05-21,2.0987,2010-05-21 08:00:00,morning (06-09),2.105218726334721,2010-05-21 08:00:00,morning (06-09),0.006518726334721059,0.0,False,False,2.0862504416666665,2010-05-21 08:00:00,2.6526428571428573,21.0
2010-05-22,2.9777333333333336,2010-05-22 11:00:00,other,2.947572383795679,2010-05-22 12:00:00,other,-0.03016094953765469,1.0,False,False,2.9756066766666667,2010-05-22 11:00:00,2.6382666666666665,8.0
2010-05-23,2.0380666666666665,2010-05-23 09:00:00,morning (06-09),2.0102621226008983,2010-05-23 09:00:00,morning (06-09),-0.027804544065768155,0.0,False,False,2.032532441,2010-05-23 09:00:00,2.6171738095238095,8.0
2010-05-24,2.447,2010-05-24 21:00:00,evening (18-22),2.4188450993463397,2010-05-24 21:00:00,evening (18-22),-0.02815490065366033,0.0,False,False,2.431061601666667,2010-05-24 21:00:00,2.5778214285714287,8.0
2010-05-25,1.9244999999999999,2010-05-25 20:00:00,evening (18-22),1.914030623303354,2010-05-25 21:00:00,evening (18-22),-0.010469376696645938,1.0,False,False,1.909859486,2010-05-25 20:00:00,2.5443428571428575,8.0
2010-05-26,2.6902,2010-05-26 19:00:00,evening (18-22),2.6755767291866244,2010-05-26 19:00:00,evening (18-22),-0.014623270813375555,0.0,False,False,2.6921444753333335,2010-05-26 19:00:00,2.5215785714285714,20.0
2010-05-27,1.8888,2010-05-27 20:00:00,evening (18-22),1.891000418020785,2010-05-27 20:00:00,evening (18-22),0.0022004180207848556,0.0,False,False,1.8800696399999999,2010-05-27 20:00:00,2.4940166666666665,20.0
2010-05-28,1.8097333333333334,2010-05-28 09:00:00,morning (06-09),1.8223037268787623,2010-05-28 09:00:00,morning (06-09),0.012570393545428882,0.0,False,False,1.7983519199999998,2010-05-28 09:00:00,2.4161285714285716,20.0
2010-05-29,3.412,2010-05-29 18:00:00,evening (18-22),3.320103360915184,2010-05-29 18:00:00,evening (18-22),-0.09189663908481593,0.0,True,True,3.4599990966666665,2010-05-29 18:00:00,2.3741071428571425,20.0
2010-05-30,3.004366666666667,2010-05-30 20:00:00,evening (18-22),3.046619075830281,2010-05-30 20:00:00,evening (18-22),0.04225240916361406,0.0,False,False,2.9866289116666667,2010-05-30 20:00:00,2.3449761904761908,20.0
2010-05-31,1.8329333333333333,2010-05-31 08:00:00,morning (06-09),1.8768724118053914,2010-05-31 08:00:00,morning (06-09),0.043939078472058135,0.0,False,False,1.83676735,2010-05-31 08:00:00,2.310561904761905,20.0
2010-06-01,1.9972666666666667,2010-06-01 09:00:00,morning (06-09),1.9725260801129043,2010-06-01 09:00:00,morning (06-09),-0.024740586553762434,0.0,False,False,2.008109828333333,2010-06-01 09:00:00,2.3010142857142855,20.0
2010-06-02,1.7422333333333335,2010-06-02 07:00:00,morning (06-09),1.743695909893513,2010-06-02 07:00:00,morning (06-09),0.0014625765601794516,0.0,False,False,1.7297397749999999,2010-06-02 07:00:00,2.3018,20.0
2010-06-03,2.3048,2010-06-03 13:00:00,other,2.2744122212588787,2010-06-03 13:00:00,other,-0.03038777874112153,0.0,False,False,2.3466695733333336,2010-06-03 13:00:00,2.26052380952381,8.0
2010-06-04,1.8476333333333335,2010-06-04 09:00:00,morning (06-09),1.8190546785920858,2010-06-04 09:00:00,morning (06-09),-0.028578654741247655,0.0,False,False,1.8419928083333335,2010-06-04 09:00:00,2.2977380952380955,9.0
2010-06-05,3.2483333333333335,2010-06-05 23:00:00,other,2.9656126676484944,2010-06-05 23:00:00,other,-0.2827206656848391,0.0,True,False,3.2948128733333335,2010-06-05 23:00:00,2.2798047619047623,9.0
2010-06-06,2.7725999999999997,2010-06-06 00:00:00,other,2.663711686600745,2010-06-06 16:00:00,other,-0.10888831339925487,16.0,False,False,2.8314315016666667,2010-06-06 00:00:00,2.2991333333333337,9.0
2010-06-07,1.8903666666666665,2010-06-07 09:00:00,morning (06-09),1.8563362468592823,2010-06-07 09:00:00,morning (06-09),-0.034030419807384193,0.0,False,False,1.8839942483333334,2010-06-07 09:00:00,2.3516000000000004,9.0
2010-06-08,2.2103333333333333,2010-06-08 08:00:00,morning (06-09),2.1763655923858285,2010-06-08 08:00:00,morning (06-09),-0.033967740947504765,0.0,False,False,2.2027138416666667,2010-06-08 08:00:00,2.311840476190476,9.0
2010-06-09,2.4124,2010-06-09 13:00:00,other,2.3143814577296378,2010-06-09 13:00:00,other,-0.09801854227036211,0.0,False,False,2.4065507916666666,2010-06-09 13:00:00,2.332257142857143,9.0
2010-06-10,1.7923333333333331,2010-06-10 08:00:00,morning (06-09),1.7989087170600893,2010-06-10 08:00:00,morning (06-09),0.0065753837267561455,0.0,False,False,1.7825059133333334,2010-06-10 08:00:00,2.312414285714286,9.0
2010-06-11,2.0137,2010-06-11 08:00:00,morning (06-09),1.9799232135713103,2010-06-11 08:00:00,morning (06-09),-0.03377678642868975,0.0,False,False,1.9997569483333335,2010-06-11 08:00:00,2.3055238095238093,9.0
2010-06-12,2.5191999999999997,2010-06-12 19:00:00,evening (18-22),2.539065586538613,2010-06-12 19:00:00,evening (18-22),0.019865586538613478,0.0,False,False,2.5142901266666664,2010-06-12 19:00:00,2.320092857142857,8.0
2010-06-13,2.933266666666667,2010-06-13 10:00:00,other,2.8129467206910252,2010-06-13 10:00:00,other,-0.12031994597564166,0.0,False,False,2.988427253166667,2010-06-13 10:00:00,2.2563214285714284,8.0
2010-06-14,1.8709666666666667,2010-06-14 12:00:00,other,1.8629054965026677,2010-06-14 12:00:00,other,-0.008061170163998987,0.0,False,False,1.8771580899999998,2010-06-14 12:00:00,2.251242857142857,8.0
2010-06-15,1.6182666666666667,2010-06-15 20:00:00,evening (18-22),1.6329709805436432,2010-06-15 20:00:00,evening (18-22),0.01470431387697646,0.0,False,False,1.5987291731666666,2010-06-15 20:00:00,2.253959523809524,8.0
2010-06-16,2.2539666666666665,2010-06-16 21:00:00,evening (18-22),2.233783701679856,2010-06-16 21:00:00,evening (18-22),-0.020182964986810603,0.0,False,False,2.2403234726666668,2010-06-16 21:00:00,2.2268880952380954,8.0
2010-06-17,1.7558666666666667,2010-06-17 20:00:00,evening (18-22),1.7544887500301003,2010-06-17 20:00:00,evening (18-22),-0.0013779166365663897,0.0,False,False,1.7419484788333333,2010-06-17 20:00:00,2.263440476190476,8.0
2010-06-18,1.9224333333333334,2010-06-18 08:00:00,morning (06-09),1.9269774616718294,2010-06-18 08:00:00,morning (06-09),0.004544128338495934,0.0,False,False,1.9148450766666667,2010-06-18 08:00:00,2.2242309523809523,8.0
2010-06-19,2.4079333333333333,2010-06-19 22:00:00,evening (18-22),2.40236963711679,2010-06-19 22:00:00,evening (18-22),-0.005563696216543068,0.0,False,False,2.3905867383333335,2010-06-19 22:00:00,2.2295738095238096,8.0
2010-06-20,3.0546,2010-06-20 19:00:00,evening (18-22),2.983514787749946,2010-06-20 19:00:00,evening (18-22),-0.07108521225005404,0.0,False,False,3.0430166,2010-06-20 19:00:00,2.169545238095238,8.0
2010-06-21,2.516233333333333,2010-06-21 18:00:00,evening (18-22),2.5292138600803913,2010-06-21 15:00:00,other,0.012980526747058185,-3.0,False,False,2.5217720696666666,2010-06-21 18:00:00,2.1896880952380955,8.0
2010-06-22,2.2101333333333333,2010-06-22 22:00:00,evening (18-22),2.1592107578344644,2010-06-22 22:00:00,evening (18-22),-0.050922575498868916,0.0,False,False,2.1906194725000003,2010-06-22 22:00:00,2.2343928571428573,8.0
2010-06-23,3.9411,2010-06-23 21:00:00,evening (18-22),3.7222390820503235,2010-06-23 21:00:00,evening (18-22),-0.21886091794967655,0.0,True,True,3.980468535,2010-06-23 21:00:00,2.234378571428571,8.0
2010-06-24,1.8170666666666666,2010-06-24 22:00:00,evening (18-22),1.854685810154304,2010-06-24 22:00:00,evening (18-22),0.037619143487637396,0.0,False,False,1.8028390166666666,2010-06-24 22:00:00,2.343571428571429,8.0
2010-06-25,1.9613666666666667,2010-06-25 12:00:00,other,2.0612275774627924,2010-06-25 12:00:00,other,0.09986091079612569,0.0,False,False,2.0774776883333335,2010-06-25 12:00:00,2.345338095238095,22.0
2010-06-26,1.8389333333333333,2010-06-26 10:00:00,other,1.8541120714876802,2010-06-26 10:00:00,other,0.015178738154346894,0.0,False,False,1.8466759638333334,2010-06-26 10:00:00,2.3415999999999997,22.0
2010-06-27,2.0669333333333335,2010-06-27 22:00:00,evening (18-22),2.0948641982447356,2010-06-27 22:00:00,evening (18-22),0.027930864911402065,0.0,False,False,2.0545323945,2010-06-27 22:00:00,2.293009523809524,22.0
2010-06-28,2.1018333333333334,2010-06-28 23:00:00,other,2.1339053908221426,2010-06-28 23:00:00,other,0.03207205748880915,0.0,False,False,2.0794182476666667,2010-06-28 23:00:00,2.231128571428571,22.0
2010-06-29,2.3194999999999997,2010-06-29 22:00:00,evening (18-22),2.288367261485383,2010-06-29 22:00:00,evening (18-22),-0.03113273851461651,0.0,False,False,2.3080789471666665,2010-06-29 22:00:00,2.2476190476190476,22.0
2010-06-30,2.0666,2010-06-30 23:00:00,other,2.0733423717960715,2010-06-30 23:00:00,other,0.006742371796071289,0.0,False,False,2.0822831,2010-06-30 23:00:00,2.2977071428571425,22.0
2010-07-01,3.3290333333333333,2010-07-01 00:00:00,other,3.208150288756192,2010-07-01 00:00:00,other,-0.12088304457714116,0.0,True,True,3.3508752716666668,2010-07-01 00:00:00,2.2843238095238094,22.0
2010-07-02,1.6122,2010-07-02 03:00:00,other,1.5848204687781633,2010-07-02 03:00:00,other,-0.027379531221836784,0.0,False,False,1.6075244543333334,2010-07-02 03:00:00,2.396692857142857,22.0
2010-07-03,1.8869333333333331,2010-07-03 23:00:00,other,1.8870232063829901,2010-07-03 23:00:00,other,8.987304965701881e-05,0.0,False,False,1.8799012633333334,2010-07-03 23:00:00,2.3745333333333334,22.0
2010-07-04,2.219133333333333,2010-07-04 07:00:00,morning (06-09),2.175459052564949,2010-07-04 07:00:00,morning (06-09),-0.04367428076838431,0.0,False,False,2.219089996666667,2010-07-04 07:00:00,2.3373190476190473,22.0
2010-07-05,1.8712333333333333,2010-07-05 21:00:00,evening (18-22),1.8257997500035912,2010-07-05 21:00:00,evening (18-22),-0.04543358332974212,0.0,False,False,1.8546021241666668,2010-07-05 21:00:00,2.277642857142857,22.0
2010-07-06,1.5307666666666668,2010-07-06 20:00:00,evening (18-22),1.5386198808766902,2010-07-06 20:00:00,evening (18-22),0.007853214210023385,0.0,False,False,1.5351198666666666,2010-07-06 20:00:00,2.2315714285714283,22.0
2010-07-07,1.4613666666666667,2010-07-07 20:00:00,evening (18-22),1.4208204998608678,2010-07-07 20:00:00,evening (18-22),-0.04054616680579892,0.0,False,False,1.4600659338333335,2010-07-07 20:00:00,2.183045238095238,22.0
2010-07-08,1.9543,2010-07-08 20:00:00,evening (18-22),1.8941619432579726,2010-07-08 20:00:00,evening (18-22),-0.060138056742027324,0.0,False,False,1.9482858371666667,2010-07-08 20:00:00,2.0059214285714284,22.0
2010-07-09,1.4650333333333334,2010-07-09 22:00:00,evening (18-22),1.4359386213324965,2010-07-09 22:00:00,evening (18-22),-0.02909471200083691,0.0,False,False,1.4566320666666668,2010-07-09 22:00:00,2.0157238095238097,20.0
2010-07-10,2.083,2010-07-10 14:00:00,other,2.0609281047061088,2010-07-10 14:00:00,other,-0.02207189529389142,0.0,False,False,2.0743560216666665,2010-07-10 14:00:00,1.9802714285714287,20.0
2010-07-11,2.5947666666666667,2010-07-11 23:00:00,other,2.5571857334509493,2010-07-11 23:00:00,other,-0.037580933215717316,0.0,False,False,2.5687659566666667,2010-07-11 23:00:00,1.9977047619047619,20.0
2010-07-12,1.9975666666666667,2010-07-12 21:00:00,evening (18-22),1.9687833194456994,2010-07-12 21:00:00,evening (18-22),-0.028783347220967315,0.0,False,False,1.9923014333333333,2010-07-12 21:00:00,2.035407142857143,23.0
2010-07-13,2.114333333333333,2010-07-13 21:00:00,evening (18-22),2.079751046267897,2010-07-13 21:00:00,evening (18-22),-0.0345822870654362,0.0,False,False,2.108083895,2010-07-13 21:00:00,2.027959523809524,20.0
2010-07-14,3.1291,2010-07-14 23:00:00,other,3.0770733661592007,2010-07-14 23:00:00,other,-0.05202663384079953,0.0,True,False,3.1080485016666666,2010-07-14 23:00:00,2.013304761904762,20.0
2010-07-15,2.553166666666667,2010-07-15 00:00:00,other,2.520974627006799,2010-07-15 00:00:00,other,-0.03219203965986761,0.0,False,False,2.5368125800000003,2010-07-15 00:00:00,2.0891976190476194,20.0
2010-07-16,1.3841999999999999,2010-07-16 15:00:00,other,1.3976011136066169,2010-07-16 15:00:00,other,0.013401113606616999,0.0,False,False,1.3738228461666668,2010-07-16 15:00:00,2.0337785714285714,20.0
2010-07-17,1.3928666666666667,2010-07-17 10:00:00,other,1.4020073484644295,2010-07-17 10:00:00,other,0.00914068179776284,0.0,False,False,1.3943998916666667,2010-07-17 10:00:00,2.0174928571428574,20.0
2010-07-18,1.4822333333333333,2010-07-18 23:00:00,other,1.4945522089175882,2010-07-18 23:00:00,other,0.012318875584254929,0.0,False,False,1.4650853716666667,2010-07-18 23:00:00,1.982202380952381,20.0
2010-07-19,1.4029999999999998,2010-07-19 19:00:00,evening (18-22),1.412390588657558,2010-07-19 19:00:00,evening (18-22),0.009390588657558263,0.0,False,False,1.403900645,2010-07-19 19:00:00,1.9295666666666667,20.0
2010-07-20,1.6181666666666668,2010-07-20 20:00:00,evening (18-22),1.6166993979074062,2010-07-20 20:00:00,evening (18-22),-0.0014672687592605094,0.0,False,False,1.6068931021666666,2010-07-20 20:00:00,1.8961214285714287,20.0
2010-07-21,2.878133333333333,2010-07-21 23:00:00,other,2.8264760584667328,2010-07-21 23:00:00,other,-0.05165727486660021,0.0,False,False,2.86565073,2010-07-21 23:00:00,1.9023642857142857,20.0
2010-07-22,2.6749333333333336,2010-07-22 00:00:00,other,2.6041022166490553,2010-07-22 00:00:00,other,-0.07083111668427833,0.0,False,False,2.65557348,2010-07-22 00:00:00,2.003561904761905,23.0
2010-07-23,1.6510666666666665,2010-07-23 21:00:00,evening (18-22),1.6631375188812614,2010-07-23 21:00:00,evening (18-22),0.012070852214594918,0.0,False,False,1.6449311458333333,2010-07-23 21:00:00,2.0550357142857143,23.0
2010-07-24,1.7543,2010-07-24 21:00:00,evening (18-22),1.7447791596271098,2010-07-24 21:00:00,evening (18-22),-0.009520840372890138,0.0,False,False,1.7470289933333334,2010-07-24 21:00:00,2.0683238095238097,23.0
2010-07-25,2.831366666666667,2010-07-25 23:00:00,other,2.8163531920932234,2010-07-25 23:00:00,other,-0.015013474573443375,0.0,False,False,2.7952583333333334,2010-07-25 23:00:00,2.044845238095238,21.0
2010-07-26,2.091266666666667,2010-07-26 22:00:00,evening (18-22),2.071707332569361,2010-07-26 22:00:00,evening (18-22),-0.019559334097305925,0.0,False,False,2.0660357816666663,2010-07-26 22:00:00,2.061745238095238,21.0
2010-07-27,1.6456333333333333,2010-07-27 00:00:00,other,1.6328223277702927,2010-07-27 00:00:00,other,-0.0128110055630406,0.0,False,False,1.6222356299999998,2010-07-27 00:00:00,2.0684380952380956,23.0
2010-07-28,1.6895666666666667,2010-07-28 00:00:00,other,1.6773959856510163,2010-07-28 00:00:00,other,-0.012170681015650331,0.0,False,False,1.675597575,2010-07-28 00:00:00,2.034959523809524,23.0
2010-07-29,1.2340333333333333,2010-07-29 07:00:00,morning (06-09),1.2365073033221066,2010-07-29 07:00:00,morning (06-09),0.0024739699887732503,0.0,False,False,1.2404650393333334,2010-07-29 07:00:00,1.9321357142857143,0.0
2010-07-30,1.2049666666666667,2010-07-30 17:00:00,other,1.2402578481137752,2010-07-30 17:00:00,other,0.03529118144710841,0.0,False,False,1.2091560701666666,2010-07-30 17:00:00,1.8379119047619048,0.0
2010-07-31,1.0050333333333332,2010-07-31 05:00:00,other,1.0463389370553196,2010-07-31 05:00:00,other,0.04130560372198633,0.0,False,False,1.0092632661666667,2010-07-31 05:00:00,1.8251095238095238,0.0
2010-08-01,0.9396,2010-08-01 05:00:00,other,0.9712756708670408,2010-08-01 05:00:00,other,0.03167567086704082,0.0,False,False,0.9459080991666667,2010-08-01 05:00:00,1.797407142857143,0.0
2010-08-02,0.8600333333333334,2010-08-02 05:00:00,other,0.8776349668584764,2010-08-02 05:00:00,other,0.01760163352514299,0.0,False,False,0.8633740771666666,2010-08-02 05:00:00,1.758647619047619,0.0
2010-08-03,1.3614,2010-08-03 16:00:00,other,1.3715289040315897,2010-08-03 16:00:00,other,0.010128904031589725,0.0,False,False,1.3511226466666666,2010-08-03 16:00:00,1.7198642857142856,0.0
2010-08-04,1.1549333333333331,2010-08-04 04:00:00,other,1.1726233902551233,2010-08-04 04:00:00,other,0.017690056921790154,0.0,False,False,1.1572079028333335,2010-08-04 04:00:00,1.7015238095238097,0.0
2010-08-05,0.9668666666666667,2010-08-05 15:00:00,other,0.9642206623665989,2010-08-05 15:00:00,other,-0.0026460043000677835,0.0,False,False,0.9653917053333333,2010-08-05 15:00:00,1.5784380952380952,0.0
2010-08-06,1.2259,2010-08-06 03:00:00,other,1.2433729038424792,2010-08-06 03:00:00,other,0.017472903842479237,0.0,False,False,1.2225919921666666,2010-08-06 03:00:00,1.4564333333333335,5.0
2010-08-07,0.9127666666666666,2010-08-07 02:00:00,other,0.8988145119808614,2010-08-07 02:00:00,other,-0.01395215468580524,0.0,False,False,0.9118171638333333,2010-08-07 02:00:00,1.4260642857142858,5.0
2010-08-08,1.1826333333333332,2010-08-08 02:00:00,other,1.172069602265209,2010-08-08 02:00:00,other,-0.010563731068124138,0.0,False,False,1.1789835965,2010-08-08 02:00:00,1.3659547619047618,5.0
2010-08-09,1.0964666666666667,2010-08-09 13:00:00,other,1.11165910955742,2010-08-09 13:00:00,other,0.015192442890753277,0.0,False,False,1.1012639626666667,2010-08-09 13:00:00,1.2481880952380953,5.0
2010-08-10,1.2489999999999999,2010-08-10 01:00:00,other,1.2621671394735576,2010-08-10 01:00:00,other,0.013167139473557743,0.0,False,False,1.2428266891666666,2010-08-10 01:00:00,1.1771309523809523,5.0
2010-08-11,1.1349333333333333,2010-08-11 01:00:00,other,1.15397848636508,2010-08-11 01:00:00,other,0.019045153031746587,0.0,False,False,1.1401887376666666,2010-08-11 01:00:00,1.1487999999999998,5.0
2010-08-12,0.9415,2010-08-12 01:00:00,other,0.9686367463707924,2010-08-12 01:00:00,other,0.02713674637079244,0.0,False,False,0.9457853413333334,2010-08-12 01:00:00,1.1091833333333334,5.0
2010-08-13,1.1694,2010-08-13 12:00:00,other,1.1705756086304784,2010-08-13 12:00:00,other,0.0011756086304783864,0.0,False,False,1.1707573613333333,2010-08-13 12:00:00,1.088288095238095,1.0
2010-08-14,1.1578000000000002,2010-08-14 00:00:00,other,1.1744913812369109,2010-08-14 00:00:00,other,0.01669138123691072,0.0,False,False,1.1562788234999999,2010-08-14 00:00:00,1.0857476190476192,1.0
2010-08-15,2.1767,2010-08-15 18:00:00,evening (18-22),2.1881022456116974,2010-08-15 18:00:00,evening (18-22),0.011402245611697559,0.0,False,False,2.1699785916666667,2010-08-15 18:00:00,1.0966595238095238,1.0
2010-08-16,1.5521666666666667,2010-08-16 22:00:00,evening (18-22),1.5767298363551498,2010-08-16 22:00:00,evening (18-22),0.024563169688483155,0.0,False,False,1.53852673,2010-08-16 22:00:00,1.1850238095238095,1.0
2010-08-17,1.8965333333333334,2010-08-17 09:00:00,morning (06-09),1.8649166371904315,2010-08-17 09:00:00,morning (06-09),-0.03161669614290186,0.0,False,False,1.8995438583333335,2010-08-17 09:00:00,1.2344619047619045,1.0
2010-08-23,1.4589,2010-08-23 08:00:00,morning (06-09),1.4591278861112893,2010-08-23 08:00:00,morning (06-09),0.00022788611128921055,0.0,False,False,1.4589505016666666,2010-08-23 08:00:00,1.2726857142857142,1.0
2010-08-24,1.4222333333333335,2010-08-24 08:00:00,morning (06-09),1.4376236970484257,2010-08-24 08:00:00,morning (06-09),0.015390363715092281,0.0,False,False,1.426290995,2010-08-24 08:00:00,1.294397619047619,1.0
2010-08-25,1.8391333333333333,2010-08-25 08:00:00,morning (06-09),1.826115838265419,2010-08-25 08:00:00,morning (06-09),-0.013017495067914275,0.0,False,False,1.8376522116666665,2010-08-25 08:00:00,1.3269238095238094,1.0
2010-08-26,1.4059333333333333,2010-08-26 08:00:00,morning (06-09),1.437283428621292,2010-08-26 08:00:00,morning (06-09),0.031350095287958846,0.0,False,False,1.40915564,2010-08-26 08:00:00,1.3707261904761905,1.0
2010-08-27,3.0526666666666666,2010-08-27 19:00:00,evening (18-22),3.0164155591294173,2010-08-27 19:00:00,evening (18-22),-0.03625110753724936,0.0,False,False,3.0275994616666666,2010-08-27 19:00:00,1.405952380952381,8.0
2010-08-28,2.592233333333333,2010-08-28 12:00:00,other,2.5644570233352484,2010-08-28 12:00:00,other,-0.02777630999808478,0.0,False,False,2.6349213583333335,2010-08-28 12:00:00,1.5395261904761905,8.0
2010-08-29,3.2344999999999997,2010-08-29 21:00:00,evening (18-22),3.224828055922687,2010-08-29 21:00:00,evening (18-22),-0.009671944077312755,0.0,True,True,3.205303025,2010-08-29 21:00:00,1.6463666666666668,8.0
2010-08-30,2.417133333333333,2010-08-30 14:00:00,other,2.3735776215344666,2010-08-30 14:00:00,other,-0.043555711798866525,0.0,False,False,2.3924102583333333,2010-08-30 14:00:00,1.7881880952380953,8.0
2010-08-31,1.8193666666666668,2010-08-31 20:00:00,evening (18-22),1.8879574480853976,2010-08-31 18:00:00,evening (18-22),0.06859078141873076,-2.0,False,False,1.908309852,2010-08-31 18:00:00,1.8797738095238097,8.0
2010-09-01,2.5369,2010-09-01 21:00:00,evening (18-22),2.5217626794226464,2010-09-01 21:00:00,evening (18-22),-0.01513732057735373,0.0,False,False,2.519360498166667,2010-09-01 21:00:00,1.9424785714285715,8.0
2010-09-02,2.4065,2010-09-02 20:00:00,evening (18-22),2.3518455503419045,2010-09-02 20:00:00,evening (18-22),-0.054654449658095405,0.0,False,False,2.39089736,2010-09-02 20:00:00,2.040157142857143,8.0
2010-09-03,2.3058666666666667,2010-09-03 20:00:00,evening (18-22),2.257832725406066,2010-09-03 20:00:00,evening (18-22),-0.04803394126060079,0.0,False,False,2.2940642213333335,2010-09-03 20:00:00,2.12935,8.0
2010-09-04,2.5189666666666666,2010-09-04 21:00:00,evening (18-22),2.5225452822655443,2010-09-04 21:00:00,evening (18-22),0.0035786155988777324,0.0,False,False,2.5019233116666664,2010-09-04 21:00:00,2.1385761904761904,8.0
2010-09-05,2.2218333333333335,2010-09-05 15:00:00,other,2.1981446790043266,2010-09-05 15:00:00,other,-0.02368865432900691,0.0,False,False,2.2483550875000002,2010-09-05 15:00:00,2.2076333333333333,8.0
2010-09-06,2.497666666666667,2010-09-06 17:00:00,other,2.406847046305239,2010-09-06 17:00:00,other,-0.09081962036142777,0.0,False,False,2.537630043333333,2010-09-06 17:00:00,2.2308690476190476,8.0
2010-09-07,2.7609333333333335,2010-09-07 19:00:00,evening (18-22),2.6955526374325154,2010-09-07 19:00:00,evening (18-22),-0.06538069590081808,0.0,False,False,2.82438826,2010-09-07 19:00:00,2.3050666666666664,8.0
2010-09-08,2.8006,2010-09-08 21:00:00,evening (18-22),2.783086459875107,2010-09-08 21:00:00,evening (18-22),-0.017513540124893368,0.0,False,False,2.775232443333333,2010-09-08 21:00:00,2.4006880952380953,20.0
2010-09-09,2.6474333333333333,2010-09-09 20:00:00,evening (18-22),2.60908723099418,2010-09-09 20:00:00,evening (18-22),-0.038346102339153365,0.0,False,False,2.6968090115,2010-09-09 20:00:00,2.4693642857142857,21.0
2010-09-10,2.3795,2010-09-10 20:00:00,evening (18-22),2.3722740063235164,2010-09-10 20:00:00,evening (18-22),-0.0072259936764837995,0.0,False,False,2.3647122783333336,2010-09-10 20:00:00,2.5580428571428575,20.0
2010-09-11,1.9510666666666667,2010-09-11 23:00:00,other,1.9432406607717276,2010-09-11 23:00:00,other,-0.007826005894939092,0.0,False,False,1.9065975883333333,2010-09-11 22:00:00,2.509959523809524,20.0
2010-09-12,2.2741,2010-09-12 02:00:00,other,2.244372773326934,2010-09-12 02:00:00,other,-0.029727226673065932,0.0,False,False,2.264693435,2010-09-12 02:00:00,2.464161904761905,20.0
2010-09-13,1.9085666666666665,2010-09-13 07:00:00,morning (06-09),1.9215213692598045,2010-09-13 07:00:00,morning (06-09),0.012954702593138023,0.0,False,False,1.9013065616666667,2010-09-13 07:00:00,2.395561904761905,20.0
2010-09-14,2.193433333333333,2010-09-14 09:00:00,morning (06-09),2.16449471616447,2010-09-14 21:00:00,evening (18-22),-0.028938617168863257,12.0,False,False,2.193921001666667,2010-09-14 09:00:00,2.359235714285714,20.0
2010-09-15,2.0184,2010-09-15 07:00:00,morning (06-09),2.0111830311611296,2010-09-15 07:00:00,morning (06-09),-0.007216968838870574,0.0,False,False,2.009513361666667,2010-09-15 07:00:00,2.385954761904762,20.0
2010-09-16,2.9842999999999997,2010-09-16 20:00:00,evening (18-22),2.9079843238979577,2010-09-16 20:00:00,evening (18-22),-0.07631567610204204,0.0,False,False,2.966822385,2010-09-16 20:00:00,2.348919047619048,20.0
2010-09-17,2.9641666666666664,2010-09-17 16:00:00,other,2.9315756678529086,2010-09-17 16:00:00,other,-0.03259099881375782,0.0,False,False,2.9518715099999997,2010-09-17 16:00:00,2.390190476190476,20.0
2010-09-18,1.8039999999999998,2010-09-18 07:00:00,morning (06-09),1.8273923029989005,2010-09-18 07:00:00,morning (06-09),0.023392302998900716,0.0,False,False,1.7982935166666667,2010-09-18 07:00:00,2.437211904761905,20.0
2010-09-19,2.343566666666667,2010-09-19 20:00:00,evening (18-22),2.304180252887681,2010-09-19 20:00:00,evening (18-22),-0.03938641377898566,0.0,False,False,2.321005974333333,2010-09-19 20:00:00,2.386142857142857,7.0
2010-09-20,2.5983666666666663,2010-09-20 21:00:00,evening (18-22),2.599502955393493,2010-09-20 21:00:00,evening (18-22),0.0011362887268266952,0.0,False,False,2.5692234883333334,2010-09-20 21:00:00,2.394838095238095,20.0
2010-09-21,2.0710333333333333,2010-09-21 20:00:00,evening (18-22),2.030639011329785,2010-09-21 20:00:00,evening (18-22),-0.04039432200354831,0.0,False,False,2.052364935,2010-09-21 20:00:00,2.402030952380952,20.0
2010-09-22,2.1387,2010-09-22 20:00:00,evening (18-22),2.165451099071652,2010-09-22 20:00:00,evening (18-22),0.02675109907165174,0.0,False,False,2.123404245,2010-09-22 20:00:00,2.352752380952381,20.0
2010-09-23,2.5547,2010-09-23 07:00:00,morning (06-09),2.544414282722771,2010-09-23 07:00:00,morning (06-09),-0.010285717277228823,0.0,False,False,2.5473506833333333,2010-09-23 07:00:00,2.3054738095238094,20.0
2010-09-24,2.2476,2010-09-24 20:00:00,evening (18-22),2.2799126660346984,2010-09-24 20:00:00,evening (18-22),0.03231266603469862,0.0,False,False,2.223027975,2010-09-24 20:00:00,2.2988500000000003,20.0
2010-09-29,2.4926000000000004,2010-09-29 07:00:00,morning (06-09),2.4803056930765512,2010-09-29 07:00:00,morning (06-09),-0.012294306923449128,0.0,False,False,2.47000312,2010-09-29 07:00:00,2.2894285714285716,20.0
2010-09-30,2.6383666666666667,2010-09-30 07:00:00,morning (06-09),2.612527975176275,2010-09-30 07:00:00,morning (06-09),-0.025838691490391863,0.0,False,False,2.61918426,2010-09-30 07:00:00,2.3281095238095237,7.0
2010-10-01,2.4493666666666667,2010-10-01 12:00:00,other,2.411744707685709,2010-10-01 12:00:00,other,-0.03762195898095788,0.0,False,False,2.5000251566666667,2010-10-01 12:00:00,2.3541285714285713,7.0
2010-10-02,3.9403,2010-10-02 20:00:00,evening (18-22),3.668771924118698,2010-10-02 20:00:00,evening (18-22),-0.2715280758813021,0.0,True,True,3.91816836,2010-10-02 20:00:00,2.392757142857143,7.0
2010-10-03,3.395,2010-10-03 11:00:00,other,3.3602175288677216,2010-10-03 11:00:00,other,-0.03478247113227839,0.0,True,True,3.4594023233333333,2010-10-03 11:00:00,2.517533333333333,20.0
2010-10-04,3.039833333333333,2010-10-04 20:00:00,evening (18-22),2.9513671081230046,2010-10-04 20:00:00,evening (18-22),-0.08846622521032854,0.0,False,False,3.023585845,2010-10-04 20:00:00,2.6158619047619047,20.0
2010-10-05,2.654733333333333,2010-10-05 20:00:00,evening (18-22),2.580403764513135,2010-10-05 20:00:00,evening (18-22),-0.07432956882019814,0.0,False,False,2.6408225733333333,2010-10-05 20:00:00,2.619828571428571,20.0
2010-10-06,2.597066666666667,2010-10-06 07:00:00,morning (06-09),2.5423516173034906,2010-10-06 07:00:00,morning (06-09),-0.054715049363176504,0.0,False,False,2.580196575,2010-10-06 07:00:00,2.5977261904761906,20.0
2010-10-07,2.740333333333333,2010-10-07 12:00:00,other,2.7130571979507807,2010-10-07 12:00:00,other,-0.027276135382552358,0.0,False,False,2.8216174416666666,2010-10-07 12:00:00,2.65437380952381,20.0
2010-10-08,2.505133333333333,2010-10-08 07:00:00,morning (06-09),2.4916639747574925,2010-10-08 07:00:00,morning (06-09),-0.01346935857584075,0.0,False,False,2.48673059,2010-10-08 07:00:00,2.682714285714286,20.0
2010-10-09,2.269966666666667,2010-10-09 07:00:00,morning (06-09),2.265036256372929,2010-10-09 07:00:00,morning (06-09),-0.004930410293737975,0.0,False,False,2.2652483533333334,2010-10-09 07:00:00,2.6760547619047617,20.0
2010-10-10,3.9012666666666664,2010-10-10 21:00:00,evening (18-22),3.8508980292662978,2010-10-10 21:00:00,evening (18-22),-0.05036863740036868,0.0,True,True,3.8942013233333332,2010-10-10 21:00:00,2.6902642857142856,7.0
2010-10-11,3.093166666666667,2010-10-11 19:00:00,evening (18-22),2.9801491312213244,2010-10-11 19:00:00,evening (18-22),-0.11301753544534243,0.0,False,False,3.0945982933333336,2010-10-11 19:00:00,2.8161619047619046,7.0
2010-10-12,2.5198666666666667,2010-10-12 07:00:00,morning (06-09),2.4730842421635986,2010-10-12 07:00:00,morning (06-09),-0.04678242450306813,0.0,False,False,2.5151199,2010-10-12 07:00:00,2.8546238095238095,7.0
2010-10-13,2.844266666666667,2010-10-13 07:00:00,morning (06-09),2.7821924473509196,2010-10-13 07:00:00,morning (06-09),-0.0620742193157473,0.0,False,False,2.819250166666667,2010-10-13 07:00:00,2.874071428571429,7.0
2010-10-14,4.117766666666666,2010-10-14 19:00:00,evening (18-22),3.990521467879415,2010-10-14 19:00:00,evening (18-22),-0.12724519878725138,0.0,True,True,4.150020146666667,2010-10-14 19:00:00,2.8991904761904763,7.0
2010-10-15,2.0656666666666665,2010-10-15 12:00:00,other,2.073800930110365,2010-10-15 12:00:00,other,0.008134263443698497,0.0,False,False,2.105566494666667,2010-10-15 12:00:00,3.004861904761905,7.0
2010-10-16,2.1443999999999996,2010-10-16 07:00:00,morning (06-09),2.147457688678801,2010-10-16 07:00:00,morning (06-09),0.0030576886788011848,0.0,False,False,2.1229070016666665,2010-10-16 07:00:00,2.977454761904762,7.0
2010-10-17,2.4540333333333333,2010-10-17 20:00:00,evening (18-22),2.3440947885669767,2010-10-17 20:00:00,evening (18-22),-0.10993854476635656,0.0,False,False,2.428784256666667,2010-10-17 20:00:00,2.8491761904761903,7.0
2010-10-18,3.8364333333333334,2010-10-18 12:00:00,other,3.7185369936048986,2010-10-18 19:00:00,evening (18-22),-0.11789633972843472,7.0,True,True,3.8059393850000003,2010-10-18 12:00:00,2.7819642857142854,7.0
2010-10-19,3.5383333333333336,2010-10-19 18:00:00,evening (18-22),3.536748904632032,2010-10-19 18:00:00,evening (18-22),-0.001584428701301377,0.0,True,True,3.5353322766666664,2010-10-19 18:00:00,2.838864285714286,7.0
2010-10-20,2.8661000000000003,2010-10-20 07:00:00,morning (06-09),2.8169638144791125,2010-10-20 07:00:00,morning (06-09),-0.04913618552088783,0.0,False,False,2.8387041583333334,2010-10-20 07:00:00,2.9019785714285713,7.0
2010-10-21,2.5819666666666667,2010-10-21 21:00:00,evening (18-22),2.5728336945563557,2010-10-21 21:00:00,evening (18-22),-0.009132972110311055,0.0,False,False,2.5656692150000002,2010-10-21 21:00:00,2.9211952380952377,7.0
2010-10-22,2.4587999999999997,2010-10-22 07:00:00,morning (06-09),2.4414080651298162,2010-10-22 07:00:00,morning (06-09),-0.017391934870183423,0.0,False,False,2.4386334916666663,2010-10-22 07:00:00,2.9098833333333336,7.0
2010-10-23,3.3083,2010-10-23 21:00:00,evening (18-22),3.225149049897492,2010-10-23 17:00:00,other,-0.08315095010250806,-4.0,True,True,3.3867710316666666,2010-10-23 21:00:00,2.9065738095238096,7.0
2010-10-24,3.734,2010-10-24 14:00:00,other,3.67558897639215,2010-10-24 14:00:00,other,-0.05841102360784989,0.0,True,True,3.731538753333333,2010-10-24 14:00:00,2.9807404761904763,7.0
2010-10-25,2.1565333333333334,2010-10-25 08:00:00,morning (06-09),2.1665234030231835,2010-10-25 08:00:00,morning (06-09),0.009990069689850056,0.0,False,False,2.145652966666667,2010-10-25 08:00:00,2.9687928571428572,7.0
2010-10-26,3.0101,2010-10-26 11:00:00,other,2.9147579496726395,2010-10-26 11:00:00,other,-0.09534205032736054,0.0,False,False,2.9487758966666666,2010-10-26 11:00:00,2.9018904761904762,7.0
2010-10-27,2.5886,2010-10-27 11:00:00,other,2.5841177630119025,2010-10-27 11:00:00,other,-0.0044822369880974655,0.0,False,False,2.5620327475,2010-10-27 11:00:00,2.936907142857143,7.0
2010-10-28,2.4234999999999998,2010-10-28 19:00:00,evening (18-22),2.4321157312311232,2010-10-28 19:00:00,evening (18-22),0.008615731231123469,0.0,False,False,2.403507995,2010-10-28 19:00:00,2.918645238095238,7.0
2010-10-29,1.6412333333333333,2010-10-29 21:00:00,evening (18-22),1.6461058833591642,2010-10-29 21:00:00,evening (18-22),0.0048725500258308685,0.0,False,False,1.635501157,2010-10-29 21:00:00,2.7976261904761905,7.0
2010-10-30,3.3127,2010-10-30 20:00:00,evening (18-22),3.250576559767127,2010-10-30 20:00:00,evening (18-22),-0.06212344023287297,0.0,True,True,3.3036352100000004,2010-10-30 20:00:00,2.7673095238095233,7.0
2010-10-31,2.9103,2010-10-31 05:00:00,other,2.808787789867819,2010-10-31 05:00:00,other,-0.10151221013218104,0.0,False,False,2.8697974033333336,2010-10-31 05:00:00,2.8507595238095242,21.0
2010-11-01,1.8742666666666667,2010-11-01 13:00:00,other,1.853985681310296,2010-11-01 13:00:00,other,-0.020280985356370795,0.0,False,False,1.8450800349999998,2010-11-01 13:00:00,2.88335,21.0
2010-11-02,2.2864666666666666,2010-11-02 23:00:00,other,2.2675825456731022,2010-11-02 23:00:00,other,-0.0188841209935644,0.0,False,False,2.23849515,2010-11-02 23:00:00,2.7431952380952382,21.0
2010-11-03,3.1431666666666667,2010-11-03 21:00:00,evening (18-22),3.0791371892526747,2010-11-03 21:00:00,evening (18-22),-0.06402947741399201,0.0,True,False,3.1161326883333333,2010-11-03 21:00:00,2.6537761904761905,21.0
2010-11-04,4.462599999999999,2010-11-04 20:00:00,evening (18-22),4.2177789253622295,2010-11-04 08:00:00,morning (06-09),-0.2448210746377697,-12.0,True,True,4.45697618,2010-11-04 20:00:00,2.6735666666666664,21.0
2010-11-05,2.7622,2010-11-05 07:00:00,morning (06-09),2.670185356797278,2010-11-05 07:00:00,morning (06-09),-0.09201464320272201,0.0,False,False,2.7332047016666667,2010-11-05 07:00:00,2.8078976190476186,21.0
2010-11-06,2.6104333333333334,2010-11-06 07:00:00,morning (06-09),2.5584757775381206,2010-11-06 07:00:00,morning (06-09),-0.05195755579521277,0.0,False,False,2.597180123333333,2010-11-06 07:00:00,2.829569047619047,21.0
2010-11-07,2.108233333333333,2010-11-07 20:00:00,evening (18-22),2.1523286686867475,2010-11-07 20:00:00,evening (18-22),0.04409533535341437,0.0,False,False,2.11072315,2010-11-07 20:00:00,2.779721428571428,7.0
2010-11-08,2.6497333333333333,2010-11-08 21:00:00,evening (18-22),2.6438268985614184,2010-11-08 21:00:00,evening (18-22),-0.005906434771914881,0.0,False,False,2.6314218150000004,2010-11-08 21:00:00,2.663595238095238,20.0
2010-11-09,3.7867,2010-11-09 20:00:00,evening (18-22),3.6575033210381864,2010-11-09 20:00:00,evening (18-22),-0.12919667896181375,0.0,True,True,3.8191633666666664,2010-11-09 20:00:00,2.6988238095238093,20.0
2010-11-10,3.372,2010-11-10 10:00:00,other,3.3771499678969383,2010-11-10 10:00:00,other,0.0051499678969384455,0.0,True,True,3.3729798399999997,2010-11-10 10:00:00,2.754295238095238,20.0
2010-11-11,2.8895,2010-11-11 15:00:00,other,2.78392414688617,2010-11-11 15:00:00,other,-0.10557585311382978,0.0,False,False,2.876529665,2010-11-11 15:00:00,2.810252380952381,20.0
2010-11-12,2.6940000000000004,2010-11-12 07:00:00,morning (06-09),2.6193561872094873,2010-11-12 07:00:00,morning (06-09),-0.07464381279051313,0.0,False,False,2.67835615,2010-11-12 07:00:00,2.8435380952380953,20.0
2010-11-13,3.2211333333333334,2010-11-13 16:00:00,other,3.1577673175275325,2010-11-13 16:00:00,other,-0.06336601580580092,0.0,True,True,3.199148295,2010-11-13 16:00:00,2.9187357142857144,20.0
2010-11-14,4.1565666666666665,2010-11-14 15:00:00,other,3.789078818521649,2010-11-14 15:00:00,other,-0.36748784814501745,0.0,True,True,4.17675441,2010-11-14 15:00:00,2.912195238095238,7.0
2010-11-15,3.321066666666667,2010-11-15 12:00:00,other,3.2908650591880084,2010-11-15 12:00:00,other,-0.03020160747865841,0.0,True,True,3.31980097,2010-11-15 12:00:00,3.0012142857142856,7.0
2010-11-16,2.5300333333333334,2010-11-16 21:00:00,evening (18-22),2.5721334854707125,2010-11-16 21:00:00,evening (18-22),0.042100152137379165,0.0,False,False,2.5205181166666666,2010-11-16 21:00:00,3.104557142857143,7.0
2010-11-17,2.7571333333333334,2010-11-17 07:00:00,morning (06-09),2.6990849318340424,2010-11-17 07:00:00,morning (06-09),-0.058048401499291025,0.0,False,False,2.736793188333333,2010-11-17 07:00:00,3.1219547619047616,7.0
2010-11-18,2.7284333333333333,2010-11-18 18:00:00,evening (18-22),2.65884267628491,2010-11-18 07:00:00,morning (06-09),-0.06959065704842349,-11.0,False,False,2.813945379,2010-11-18 18:00:00,3.094380952380952,7.0
2010-11-19,2.2033,2010-11-19 07:00:00,morning (06-09),2.1920708227008583,2010-11-19 07:00:00,morning (06-09),-0.011229177299141746,0.0,False,False,2.1795621333333335,2010-11-19 07:00:00,2.970511904761905,7.0
2010-11-20,5.626833333333334,2010-11-20 18:00:00,evening (18-22),5.46665226661861,2010-11-20 18:00:00,evening (18-22),-0.1601810667147241,0.0,True,True,5.651410421666667,2010-11-20 18:00:00,2.9305904761904764,7.0
2010-11-21,2.0713,2010-11-21 07:00:00,morning (06-09),2.03570095339939,2010-11-21 07:00:00,morning (06-09),-0.035599046600609974,0.0,False,False,2.04405488,2010-11-21 07:00:00,3.146047619047619,7.0
2010-11-22,3.1683000000000003,2010-11-22 18:00:00,evening (18-22),2.9873696672424677,2010-11-22 10:00:00,other,-0.18093033275753267,-8.0,True,False,3.2194236936666667,2010-11-22 18:00:00,3.143409523809524,7.0
2010-11-23,2.6366666666666663,2010-11-23 20:00:00,evening (18-22),2.6164611197538674,2010-11-23 20:00:00,evening (18-22),-0.020205546912798855,0.0,False,False,2.617864265,2010-11-23 20:00:00,3.18045,7.0
2010-11-24,2.8502333333333336,2010-11-24 07:00:00,morning (06-09),2.747182346954942,2010-11-24 07:00:00,morning (06-09),-0.1030509863783915,0.0,False,False,2.812045888333333,2010-11-24 07:00:00,3.0983047619047617,7.0
2010-11-25,2.627133333333333,2010-11-25 07:00:00,morning (06-09),2.5796508867383006,2010-11-25 07:00:00,morning (06-09),-0.047482446595032535,0.0,False,False,2.6059185683333337,2010-11-25 07:00:00,3.0610357142857145,7.0
2010-11-26,2.8839333333333332,2010-11-26 07:00:00,morning (06-09),2.8444138552337885,2010-11-26 07:00:00,morning (06-09),-0.0395194780995447,0.0,False,False,2.8595742166666667,2010-11-26 07:00:00,3.0422952380952384,7.0
